"";"metro_name";"newvar";"newvar1";"varplot";"id_grid";"count_p";"len";"cont_wh";"wh_vg_p";"wh_vg_s";"ipoi";"ikm";"iwh";"iprice";"isize";"poi_s";"km_s";"urban";"poi_mm";"km_mm";"urbn_mm";"sig_x";"sig_y";"sig_u";"sig_cw";"sig_pw";"sig_iw";"sig_ipw";"patterns_x";"patterns_y";"patterns_u";"patterns_cw";"patterns_pw";"patterns_iw";"patterns_ipw"
"1";"vancouver";0,00408746536067;"suburban";"suburban";1;0;3279,78163732958;0;0;0;0;0,000164133746785;0;0;0;-0,370598193063433;-0,784555132612297;-1,15515332567573;0;0,00408746536067;0,00408746536067;FALSE;FALSE;FALSE;TRUE;TRUE;FALSE;TRUE;"Not significant";"Not significant";"Not significant";"Low.Low";"Low.Low";"Not significant";"Low.Low"
"2";"vancouver";0,030197129965048;"pericentral";"pericentral";2;1;23897,916215955;0;0;0;5,4297659771e-05;0,001195949902343;0;0;0;-0,367137103352465;-0,66007571744717;-1,02721282079963;0,000414078674948;0,0297830512901;0,030197129965048;FALSE;FALSE;FALSE;TRUE;TRUE;FALSE;TRUE;"Not significant";"Not significant";"Not significant";"Low.Low";"Low.Low";"Not significant";"Low.Low"
"3";"vancouver";0,001739009967398;"suburban";"suburban";3;0;1395,38135615412;0;0;0;0;6,983061542e-05;0;0;0;-0,370598193063433;-0,79593196420893;-1,16653015727236;0;0,001739009967398;0,001739009967398;FALSE;FALSE;FALSE;TRUE;FALSE;FALSE;TRUE;"Not significant";"Not significant";"Not significant";"Low.Low";"Not significant";"Not significant";"Low.Low"
"4";"vancouver";0,099429071483039;"pericentral";"pericentral";4;14;75130,279742207;0;0;0;0,000760167236792;0,003759827840583;0;0;0;-0,322142937109871;-0,350766714493704;-0,672909651603575;0,005797101449275;0,093631970033764;0,099429071483039;FALSE;TRUE;FALSE;FALSE;FALSE;FALSE;TRUE;"Not significant";"Low.Low";"Not significant";"Not significant";"Not significant";"Not significant";"Low.Low"
"5";"vancouver";0,022982311040473;"pericentral";"pericentral";5;3;17444,2331711241;0;0;0;0,000162892979313;0,00087298109044;0;0;0;-0,360214923930527;-0,69903902365793;-1,05925394758846;0,001242236024845;0,021740075015628;0,022982311040473;FALSE;FALSE;FALSE;TRUE;FALSE;FALSE;TRUE;"Not significant";"Not significant";"Not significant";"Low.Low";"Not significant";"Not significant";"Low.Low"
"6";"vancouver";0;"suburban";"suburban";6;0;0;0;0;0;0;0;0;0;0;-0,370598193063433;-0,804356405056573;-1,17495459812001;0;0;0;FALSE;FALSE;FALSE;FALSE;TRUE;FALSE;FALSE;"Not significant";"Not significant";"Not significant";"Not significant";"Low.Low";"Not significant";"Not significant"
"7";"vancouver";0,001496030391763;"suburban";"suburban";7;0;1200,41457843396;0;0;0;0;6,0073676921e-05;0;0;0;-0,370598193063433;-0,79710905180503;-1,16770724486846;0;0,001496030391763;0,001496030391763;FALSE;FALSE;FALSE;TRUE;FALSE;TRUE;TRUE;"Not significant";"Not significant";"Not significant";"Low.Low";"Not significant";"Low.Low";"Low.Low"
"8";"vancouver";0,062150778183699;"pericentral";"pericentral";8;17;44221,4123660287;0;0;0;0,000923060216105;0,002213021140534;0;0;0;-0,311759667976965;-0,537375145034836;-0,849134813011801;0,00703933747412;0,055111440709579;0,062150778183699;FALSE;FALSE;FALSE;TRUE;FALSE;FALSE;FALSE;"Not significant";"Not significant";"Not significant";"Low.Low";"Not significant";"Not significant";"Not significant"
"9";"vancouver";0,085906944718055;"pericentral";"pericentral";9;52;51654,3735985293;0;0;0;0,002823478308085;0,002584997055915;0;0;0;-0,190621528093061;-0,492499568942422;-0,683121097035483;0,021532091097308;0,064374853620747;0,085906944718055;FALSE;FALSE;FALSE;TRUE;FALSE;FALSE;TRUE;"Not significant";"Not significant";"Not significant";"Low.Low";"Not significant";"Not significant";"Low.Low"
"10";"vancouver";0,007097123833581;"suburban";"suburban";10;5;4033,44782156247;0;0;0;0,000271488298854;0,000201850298775;0;0;0;-0,35329274450859;-0,780004967053659;-1,13329771156225;0,002070393374741;0,00502673045884;0,007097123833581;FALSE;FALSE;FALSE;TRUE;FALSE;TRUE;TRUE;"Not significant";"Not significant";"Not significant";"Low.Low";"Not significant";"Low.Low";"Low.Low"
"11";"vancouver";0,341278367154868;"central";"central";11;304;172835,686320534;0;0;0;0,016506488570343;0,008649407768799;0;0;0;0,681573079071051;0,239117487831255;0,920690566902306;0,125879917184265;0,215398449970604;0,341278367154868;FALSE;FALSE;FALSE;FALSE;FALSE;FALSE;TRUE;"Not significant";"Not significant";"Not significant";"Not significant";"Not significant";"Not significant";"Low.High"
"12";"vancouver";0,07841484455637;"pericentral";"pericentral";12;31;52620,1035658723;0;0;0;0,001683227452897;0,00263332615079;0;0;0;-0,263304412023404;-0,486669094750692;-0,749973506774096;0,012836438923395;0,065578405632974;0,07841484455637;FALSE;FALSE;FALSE;FALSE;FALSE;FALSE;FALSE;"Not significant";"Not significant";"Not significant";"Not significant";"Not significant";"Not significant";"Not significant"
"13";"vancouver";0,047825275913652;"pericentral";"pericentral";13;32;27742,7812670352;0;0;0;0,001737525112668;0,001388362744567;0;0;0;-0,259843322312435;-0,636862824393137;-0,896706146705572;0,013250517598344;0,034574758315308;0,047825275913652;FALSE;FALSE;FALSE;FALSE;FALSE;TRUE;TRUE;"Not significant";"Not significant";"Not significant";"Not significant";"Not significant";"Low.Low";"Low.Low"
"14";"vancouver";0,257418527343051;"pericentral";"pericentral";14;173;149072,18644145;0;0;0;0,009393495140359;0,007460184612148;0;0;0;0,228170326934152;0,095648322085703;0,323818649019854;0,071635610766046;0,185782916577005;0,257418527343051;FALSE;FALSE;FALSE;FALSE;FALSE;FALSE;FALSE;"Not significant";"Not significant";"Not significant";"Not significant";"Not significant";"Not significant";"Not significant"
"15";"vancouver";0,045818525847805;"pericentral";"pericentral";15;39;23806,7685944843;0;0;0;0,002117608731064;0,001191388500921;0;0;0;-0,235615694335654;-0,660626009840068;-0,896241704175722;0,016149068322981;0,029669457524823;0,045818525847805;FALSE;FALSE;FALSE;FALSE;FALSE;FALSE;FALSE;"Not significant";"Not significant";"Not significant";"Not significant";"Not significant";"Not significant";"Not significant"
"16";"vancouver";0,039876523847624;"pericentral";"pericentral";16;2;31332,4038508706;0;0;0;0,000108595319542;0,001568002205171;0;0;0;-0,363676013641496;-0,615190925890613;-0,978866939532108;0,000828157349896;0,039048366497728;0,039876523847624;FALSE;FALSE;FALSE;TRUE;TRUE;FALSE;TRUE;"Not significant";"Not significant";"Not significant";"Low.Low";"Low.Low";"Not significant";"Low.Low"
"17";"vancouver";0,05093031202282;"pericentral";"pericentral";17;55;22592,3583712018;0;0;0;0,002986371287398;0,001130614424436;0;0;0;-0,180238258960155;-0,667957860051264;-0,848196119011419;0,022774327122153;0,028155984900666;0,05093031202282;FALSE;FALSE;FALSE;TRUE;TRUE;FALSE;TRUE;"Not significant";"Not significant";"Not significant";"Low.Low";"Low.Low";"Not significant";"Low.Low"
"18";"vancouver";0;"suburban";"suburban";18;0;0;0;0;0;0;0;0;0;0;-0,370598193063433;-0,804356405056573;-1,17495459812001;0;0;0;FALSE;FALSE;FALSE;TRUE;FALSE;FALSE;TRUE;"Not significant";"Not significant";"Not significant";"Low.Low";"Not significant";"Not significant";"Low.Low"
"19";"vancouver";0,09223621483148;"pericentral";"pericentral";19;45;59058,7757565167;0;0;0;0,002443394689689;0,002955543757883;0;0;0;-0,214849156069842;-0,447796414699303;-0,662645570769145;0,018633540372671;0,073602674458809;0,09223621483148;FALSE;FALSE;FALSE;TRUE;FALSE;TRUE;TRUE;"Not significant";"Not significant";"Not significant";"Low.Low";"Not significant";"Low.Low";"Low.Low"
"20";"vancouver";0,275154548325222;"central";"central";20;37;208490,474499916;0;0;0;0,002009013411522;0,010433719842532;0;0;0;-0,242537873757591;0,454378823112625;0,211840949355034;0,015320910973085;0,259833637352138;0,275154548325222;FALSE;FALSE;FALSE;TRUE;TRUE;FALSE;TRUE;"Not significant";"Not significant";"Not significant";"Low.Low";"Low.Low";"Not significant";"Low.Low"
"21";"vancouver";0,748417325816263;"central";"central";21;540;421111,355756314;1;153,06408;1443,701226;0,029320736276266;0,021074142207258;0,038461538461538;1,10492020020776;1,41784838211627;1,49839025085966;1,73805086675756;3,23644111761722;0,22360248447205;0,524814841344214;0,748417325816263;TRUE;TRUE;TRUE;FALSE;FALSE;FALSE;FALSE;"High.High";"High.High";"High.High";"Not significant";"Not significant";"Not significant";"Not significant"
"22";"vancouver";0,550135799460803;"central";"central";22;311;338097,064277391;0;0;0;0,016886572188739;0,016919766031105;0;0;0;0,705800707047832;1,2368624389569;1,94266314600473;0,128778467908903;0,4213573315519;0,550135799460803;TRUE;TRUE;TRUE;TRUE;TRUE;TRUE;TRUE;"High.High";"High.High";"High.High";"Low.High";"Low.High";"Low.High";"Low.High"
"23";"vancouver";0,841657492664305;"central";"central";23;514;504565,926128735;0;0;0;0,027908997122224;0,02525055174795;0;0;0;1,40840191837448;2,24189742344778;3,65029934182225;0,212836438923395;0,62882105374091;0,841657492664305;FALSE;FALSE;FALSE;TRUE;TRUE;TRUE;TRUE;"Not significant";"Not significant";"Not significant";"Low.High";"Low.High";"Low.High";"Low.High"
"24";"vancouver";0,322883305380929;"central";"central";24;104;224526,825555693;1;141,9244164;100,1486436;0,00564695661617;0,011236244728207;0,038461538461538;1,02450656341486;0,098355248123478;-0,010644863122689;0,551196291889612;0,540551428766923;0,043064182194617;0,279819123186312;0,322883305380929;FALSE;FALSE;FALSE;FALSE;FALSE;FALSE;FALSE;"Not significant";"Not significant";"Not significant";"Not significant";"Not significant";"Not significant";"Not significant"
"25";"vancouver";0,169101743439296;"pericentral";"pericentral";25;109;99471,238269995;0;0;0;0,005918444915024;0,00497794940027;0;0;0;0,006660585432155;-0,203811214201317;-0,197150628769162;0,045134575569358;0,123967167869937;0,169101743439296;FALSE;FALSE;FALSE;FALSE;FALSE;FALSE;FALSE;"Not significant";"Not significant";"Not significant";"Not significant";"Not significant";"Not significant";"Not significant"
"26";"vancouver";0,287693603568624;"central";"central";26;94;199613,180424434;0;0;0;0,005103980018461;0,009989463578232;0;0;0;-0,045255760232376;0,400783267678118;0,355527507445742;0,038923395445135;0,248770208123489;0,287693603568624;FALSE;FALSE;FALSE;TRUE;TRUE;TRUE;TRUE;"Not significant";"Not significant";"Not significant";"Low.Low";"Low.Low";"Low.Low";"Low.Low"
"27";"vancouver";0,076951726719381;"pericentral";"pericentral";27;10;58423,488112649;0;0;0;0,000542976597709;0,002923751354363;0;0;0;-0,335987295953746;-0,451631884589594;-0,78761918054334;0,004140786749482;0,072810939969898;0,076951726719381;FALSE;FALSE;FALSE;TRUE;TRUE;TRUE;TRUE;"Not significant";"Not significant";"Not significant";"Low.Low";"Low.Low";"Low.Low";"Low.Low"
"28";"vancouver";0,054123163964178;"pericentral";"pericentral";28;10;40105,8525305671;0;0;0;0,000542976597709;0,002007061619259;0;0;0;-0,335987295953746;-0,562222324077233;-0,898209620030979;0,004140786749482;0,049982377214696;0,054123163964178;FALSE;FALSE;FALSE;TRUE;FALSE;FALSE;TRUE;"Not significant";"Not significant";"Not significant";"Low.Low";"Not significant";"Not significant";"Low.Low"
"29";"vancouver";0,05429018776324;"pericentral";"pericentral";29;5;41901,1557598725;0;0;0;0,000271488298854;0,002096905968128;0;0;0;-0,35329274450859;-0,551383404815368;-0,904676149323957;0,002070393374741;0,052219794388499;0,05429018776324;FALSE;FALSE;FALSE;FALSE;TRUE;FALSE;TRUE;"Not significant";"Not significant";"Not significant";"Not significant";"Low.Low";"Not significant";"Low.Low"
"30";"vancouver";0,142560777939058;"pericentral";"pericentral";30;47;98774,6848575151;0;0;0;0,002551990009231;0,004943091006002;0;0;0;-0,207926976647904;-0,208016568525983;-0,415943545173888;0,019461697722567;0,12309908021649;0,142560777939058;FALSE;FALSE;FALSE;TRUE;FALSE;FALSE;TRUE;"Not significant";"Not significant";"Not significant";"Low.Low";"Not significant";"Not significant";"Low.Low"
"31";"vancouver";0,353660966075954;"central";"central";31;101;250219,586233621;0;0;0;0,005484063636857;0,012522016020817;0;0;0;-0,021028132255595;0,706313129010349;0,685284996754754;0,041821946169772;0,311839019906182;0,353660966075954;FALSE;FALSE;FALSE;TRUE;FALSE;FALSE;TRUE;"Not significant";"Not significant";"Not significant";"Low.Low";"Not significant";"Not significant";"Low.Low"
"32";"vancouver";1,01860739180699;"central";"central";32;1736;240532,848365194;0;0;0;0,09426073736222;0,012037251863847;0;0;0;5,63785354517823;0,647830657663514;6,28568420284174;0,718840579710145;0,299766812096846;1,01860739180699;TRUE;TRUE;TRUE;TRUE;TRUE;TRUE;TRUE;"High.High";"High.High";"High.High";"Low.High";"Low.High";"Low.High";"Low.High"
"33";"vancouver";2;"central";"central";33;2415;802399,861020921;4;133,4208564;434,875510975;0,131128848346636;0,040155385379882;0,153846153846154;0,963122107847766;0,427088048796801;7,98793345892597;4,04003264709416;12,0279661060201;1;1;2;TRUE;TRUE;TRUE;TRUE;TRUE;TRUE;TRUE;"High.High";"High.High";"High.High";"High.High";"High.High";"High.High";"High.High"
"34";"vancouver";0,873614874095807;"central";"central";34;455;549811,668150546;6;105,9543576;864,424625466667;0,024705435195743;0,027514834552502;0,230769230769231;0,76485031636604;0,848945082685255;1,20419762542733;2,5150629459692;3,71926057139652;0,188405797101449;0,685209076994357;0,873614874095807;TRUE;TRUE;TRUE;TRUE;TRUE;TRUE;TRUE;"High.High";"High.High";"High.High";"High.High";"High.High";"High.High";"High.High"
"35";"vancouver";0,311875422286428;"central";"central";35;54;232306,935252041;1;116,92395;603,8647343;0,002932073627627;0,011625593378838;0,038461538461538;0,844036264047597;0,593051125208593;-0,183699348671124;0,598167733521676;0,414468384850552;0,022360248447205;0,289515173839223;0,311875422286428;FALSE;TRUE;FALSE;TRUE;TRUE;TRUE;TRUE;"Not significant";"High.High";"Not significant";"High.High";"High.High";"High.High";"High.High"
"36";"vancouver";0,248304443274303;"pericentral";"pericentral";36;94;168007,323678539;0;0;0;0,005103980018461;0,008407776666824;0;0;0;-0,045255760232376;0,209966850774898;0,164711090542522;0,038923395445135;0,209381047829168;0,248304443274303;FALSE;FALSE;FALSE;FALSE;FALSE;FALSE;TRUE;"Not significant";"Not significant";"Not significant";"Not significant";"Not significant";"Not significant";"Low.High"
"37";"vancouver";0,199952734497458;"pericentral";"pericentral";37;56;141835,672782623;0;0;0;0,003040668947168;0,007098039740379;0;0;0;-0,176777169249186;0,051958773710209;-0,124818395538978;0,023188405797101;0,176764328700357;0,199952734497458;FALSE;FALSE;FALSE;FALSE;TRUE;FALSE;FALSE;"Not significant";"Not significant";"Not significant";"Not significant";"Low.Low";"Not significant";"Not significant"
"38";"vancouver";0,027486609632453;"pericentral";"pericentral";38;18;16074,6316668734;0;0;0;0,000977357875876;0,000804440604715;0;0;0;-0,308298578265997;-0,707307821866045;-1,01560640013204;0,007453416149068;0,020033193483385;0,027486609632453;FALSE;FALSE;FALSE;TRUE;TRUE;TRUE;TRUE;"Not significant";"Not significant";"Not significant";"Low.Low";"Low.Low";"Low.Low";"Low.Low"
"39";"vancouver";0,02606908275075;"pericentral";"pericentral";39;0;20917,8283761444;0;0;0;0;0,001046814064356;0;0;0;-0,370598193063433;-0,67806762597923;-1,04866581904266;0;0,02606908275075;0,02606908275075;FALSE;FALSE;FALSE;FALSE;TRUE;FALSE;FALSE;"Not significant";"Not significant";"Not significant";"Not significant";"Low.Low";"Not significant";"Not significant"
"40";"vancouver";0,030402107323549;"pericentral";"pericentral";40;0;24394,6466911586;0;0;0;0;0,001220808335938;0;0;0;-0,370598193063433;-0,657076769176063;-1,0276749622395;0;0,030402107323549;0,030402107323549;FALSE;FALSE;FALSE;FALSE;TRUE;FALSE;FALSE;"Not significant";"Not significant";"Not significant";"Not significant";"Low.Low";"Not significant";"Not significant"
"41";"vancouver";0,128585174829158;"pericentral";"pericentral";41;34;91879,9995904405;0;0;0;0,001846120432209;0,00459805263122;0;0;0;-0,252921142890498;-0,249642370633357;-0,502563513523854;0,01407867494824;0,114506499880918;0,128585174829158;FALSE;FALSE;FALSE;FALSE;TRUE;FALSE;FALSE;"Not significant";"Not significant";"Not significant";"Not significant";"Low.Low";"Not significant";"Not significant"
"42";"vancouver";0,740958047735475;"central";"central";42;434;450345,239211373;0;0;0;0,023565184340555;0,022537125830903;0;0;0;1,13151474149698;1,91454679084876;3,04606153234574;0,179710144927536;0,561247902807938;0,740958047735475;TRUE;FALSE;TRUE;FALSE;FALSE;FALSE;FALSE;"High.High";"Not significant";"High.High";"Not significant";"Not significant";"Not significant";"Not significant"
"43";"vancouver";1,27060155854373;"central";"central";43;1679;461671,562992959;5;162,7581384;956,00148638;0,09116577075528;0,023103941602541;0,192307692307692;1,17489847955425;0,938882045920372;5,44057143165301;1,98292805758878;7,42349948924179;0,695238095238095;0,575363463305637;1,27060155854373;TRUE;TRUE;TRUE;TRUE;TRUE;TRUE;TRUE;"High.High";"High.High";"High.High";"High.High";"High.High";"High.High";"High.High"
"44";"vancouver";1,26176044761082;"central";"central";44;735;768227,754450425;0;0;0;0,039908779931585;0,038445272784854;0;0;0;2,17330274449856;3,83372281704457;6,00702556154313;0,304347826086957;0,957412621523865;1,26176044761082;TRUE;TRUE;TRUE;TRUE;TRUE;TRUE;TRUE;"High.High";"High.High";"High.High";"Low.High";"Low.High";"Low.High";"Low.High"
"45";"vancouver";0,414062314209274;"central";"central";45;87;303337,212978495;2;102,04272;393,9985136;0,004723896400065;0,015180240275357;0,076923076923077;0,736613466805175;0,386943049575255;-0,069483388209156;1,02700417343762;0,957520785228466;0,036024844720497;0,378037469488777;0,414062314209274;FALSE;TRUE;TRUE;TRUE;TRUE;TRUE;TRUE;"Not significant";"High.High";"High.High";"High.High";"High.High";"High.High";"High.High"
"46";"vancouver";0,199576944650196;"pericentral";"pericentral";46;25;151834,095869543;0;0;0;0,001357441494272;0,007598401906115;0;0;0;-0,284070950289216;0,112323005677321;-0,171747944611895;0,010351966873706;0,18922497777649;0,199576944650196;FALSE;FALSE;FALSE;FALSE;TRUE;FALSE;TRUE;"Not significant";"Not significant";"Not significant";"Not significant";"Low.High";"Not significant";"Low.High"
"47";"vancouver";0,097380219039508;"pericentral";"pericentral";47;1;77805,6175522579;0;0;0;5,4297659771e-05;0,003893712735139;0;0;0;-0,367137103352465;-0,334614696245189;-0,701751799597653;0,000414078674948;0,09696614036456;0,097380219039508;FALSE;FALSE;FALSE;TRUE;FALSE;FALSE;FALSE;"Not significant";"Not significant";"Not significant";"Low.Low";"Not significant";"Not significant";"Not significant"
"48";"vancouver";0,028770634646455;"pericentral";"pericentral";48;5;21424,2698856479;0;0;0;0,000271488298854;0,001072158478001;0;0;0;-0,35329274450859;-0,675010048550101;-1,02830279305869;0,002070393374741;0,026700241271713;0,028770634646455;FALSE;FALSE;FALSE;TRUE;TRUE;TRUE;TRUE;"Not significant";"Not significant";"Not significant";"Low.Low";"Low.Low";"Low.Low";"Low.Low"
"49";"vancouver";0,009922237159742;"suburban";"suburban";49;0;7961,60171799334;0;0;0;0;0,00039843125698;0;0;0;-0,370598193063433;-0,756289227987078;-1,12688742105051;0;0,009922237159742;0,009922237159742;TRUE;FALSE;FALSE;FALSE;TRUE;FALSE;TRUE;"Low.Low";"Not significant";"Not significant";"Not significant";"Low.Low";"Not significant";"Low.Low"
"50";"vancouver";0,048295322614448;"pericentral";"pericentral";50;0;38752,1601537937;0;0;0;0;0,001939317291629;0;0;0;-0,370598193063433;-0,570395072913053;-0,940993265976487;0;0,048295322614448;0,048295322614448;TRUE;TRUE;TRUE;FALSE;TRUE;FALSE;FALSE;"Low.Low";"Low.Low";"Low.Low";"Not significant";"Low.Low";"Not significant";"Not significant"
"51";"vancouver";0,032201206049924;"pericentral";"pericentral";51;1;25505,9865879345;0;0;0;5,4297659771e-05;0,001276424349862;0;0;0;-0,367137103352465;-0,650367193201922;-1,01750429655439;0,000414078674948;0,031787127374975;0,032201206049924;FALSE;FALSE;FALSE;TRUE;TRUE;FALSE;FALSE;"Not significant";"Not significant";"Not significant";"Low.Low";"Low.Low";"Not significant";"Not significant"
"52";"vancouver";0,220042745708399;"pericentral";"pericentral";52;33;165597,798424485;0;0;0;0,001791822772439;0,008287194124554;0;0;0;-0,256382232601466;0,195419642669986;-0,06096258993148;0,013664596273292;0,206378149435107;0,220042745708399;FALSE;FALSE;FALSE;FALSE;TRUE;FALSE;TRUE;"Not significant";"Not significant";"Not significant";"Not significant";"Low.Low";"Not significant";"Low.Low"
"53";"vancouver";0,599730240022741;"central";"central";53;211;411117,30361472;0;0;0;0,011456806211652;0,020573998781583;0;0;0;0,359691735950962;1,67771302382753;2,03740475977849;0,087370600414079;0,512359639608663;0,599730240022741;TRUE;TRUE;TRUE;TRUE;TRUE;TRUE;TRUE;"High.High";"High.High";"High.High";"Low.High";"Low.High";"Low.High";"Low.High"
"54";"vancouver";0,831454541339903;"central";"central";54;361;547214,350102252;3;208,33722;3108,41694533333;0,019601455177282;0,027384854087337;0,115384615384615;1,5039191613939;3,05275347662803;0,878855192596267;2,49938196229841;3,37823715489468;0,149482401656315;0,681972139683589;0,831454541339903;TRUE;TRUE;TRUE;TRUE;TRUE;TRUE;TRUE;"High.High";"High.High";"High.High";"High.High";"High.High";"High.High";"High.High"
"55";"vancouver";1,05140552790127;"central";"central";55;978;518700,625001475;1;114,79806;583,2404311;0,053103111255905;0,025957910146219;0,038461538461538;0,828690150155822;0,572796148349277;3,01434754426395;2,32723390442302;5,34158144868697;0,404968944099379;0,646436583801889;1,05140552790127;FALSE;TRUE;TRUE;TRUE;TRUE;TRUE;TRUE;"Not significant";"High.High";"High.High";"High.High";"High.High";"High.High";"High.High"
"56";"vancouver";0,546452148713228;"central";"central";56;218;366041,173853896;1;110,121102;1418,524712;0,011836889830048;0,018318204071354;0,038461538461538;0,794928699593918;1,39312271242827;0,383919363927743;1,4055715141707;1,78949087809844;0,090269151138716;0,456182997574512;0,546452148713228;FALSE;TRUE;TRUE;FALSE;FALSE;FALSE;FALSE;"Not significant";"High.High";"High.High";"Not significant";"Not significant";"Not significant";"Not significant"
"57";"vancouver";0,345971915301798;"central";"central";57;87;248701,486358278;0;0;0;0,004723896400065;0,012446044066558;0;0;0;-0,069483388209156;0,697147790413671;0,627664402204515;0,036024844720497;0,309947070581301;0,345971915301798;FALSE;FALSE;FALSE;FALSE;FALSE;FALSE;FALSE;"Not significant";"Not significant";"Not significant";"Not significant";"Not significant";"Not significant";"Not significant"
"58";"vancouver";0,166999199430424;"pericentral";"pericentral";58;28;124696,947619132;0;0;0;0,001520334473584;0,006240347525697;0;0;0;-0,27368768115631;-0,051514141208042;-0,325201822364352;0,011594202898551;0,155404996531874;0,166999199430424;FALSE;FALSE;FALSE;TRUE;FALSE;TRUE;FALSE;"Not significant";"Not significant";"Not significant";"Low.Low";"Not significant";"Low.Low";"Not significant"
"59";"vancouver";0,088783753040578;"pericentral";"pericentral";59;34;59943,3442788493;0;0;0;0,001846120432209;0,002999811200632;0;0;0;-0,252921142890498;-0,442455942605984;-0,695377085496482;0,01407867494824;0,074705078092338;0,088783753040578;FALSE;FALSE;FALSE;FALSE;TRUE;TRUE;TRUE;"Not significant";"Not significant";"Not significant";"Not significant";"Low.Low";"Low.Low";"Low.Low"
"60";"vancouver";0,022034700212556;"suburban";"suburban";60;11;14025,8170046608;0;0;0;0,00059727425748;0,000701909502294;0;0;0;-0,332526206242778;-0,719677284775573;-1,05220349101835;0,004554865424431;0,017479834788126;0,022034700212556;FALSE;FALSE;FALSE;FALSE;TRUE;FALSE;TRUE;"Not significant";"Not significant";"Not significant";"Not significant";"Low.Low";"Not significant";"Low.Low"
"61";"vancouver";0,019392668415508;"suburban";"suburban";61;0;15560,6744414282;0;0;0;0;0,000778720073769;0;0;0;-0,370598193063433;-0,710410774492498;-1,08100896755593;0;0,019392668415508;0,019392668415508;FALSE;TRUE;TRUE;TRUE;TRUE;FALSE;FALSE;"Not significant";"Low.Low";"Low.Low";"Low.Low";"Low.Low";"Not significant";"Not significant"
"62";"vancouver";0,037062269482095;"pericentral";"pericentral";62;0;29738,7598815531;0;0;0;0;0,001488249714107;0;0;0;-0,370598193063433;-0,624812352529651;-0,995410545593085;0;0,037062269482095;0,037062269482095;TRUE;TRUE;TRUE;TRUE;TRUE;FALSE;FALSE;"Low.Low";"Low.Low";"Low.Low";"Low.Low";"Low.Low";"Not significant";"Not significant"
"63";"vancouver";0,023785394384264;"pericentral";"pericentral";63;0;19085,3971482611;0;0;0;0;0,000955111677913;0;0;0;-0,370598193063433;-0,689130700900358;-1,05972889396379;0;0,023785394384264;0,023785394384264;TRUE;FALSE;FALSE;FALSE;FALSE;FALSE;FALSE;"Low.Low";"Not significant";"Not significant";"Not significant";"Not significant";"Not significant";"Not significant"
"64";"vancouver";0,070342667126328;"pericentral";"pericentral";64;9;53452,6362849346;0;0;0;0,000488678937938;0,002674989508175;0;0;0;-0,339448385664715;-0,481642782327543;-0,821091167992258;0,003726708074534;0,066615959051794;0,070342667126328;FALSE;FALSE;FALSE;FALSE;FALSE;FALSE;FALSE;"Not significant";"Not significant";"Not significant";"Not significant";"Not significant";"Not significant";"Not significant"
"65";"vancouver";0,174051778149959;"pericentral";"pericentral";65;38;127033,369091224;0;0;0;0,002063311071293;0,0063572716544;0;0;0;-0,239076784046623;-0,037408288066183;-0,276485072112806;0,015734989648033;0,158316788501925;0,174051778149959;FALSE;FALSE;FALSE;FALSE;TRUE;TRUE;FALSE;"Not significant";"Not significant";"Not significant";"Not significant";"Low.Low";"Low.Low";"Not significant"
"66";"vancouver";0,283889260326075;"central";"central";66;160;174631,635634143;0;0;0;0,008687625563338;0,008739284450381;0;0;0;0,183176160691559;0,249960307746498;0,433136468438057;0,066252587991718;0,217636672334356;0,283889260326075;FALSE;TRUE;FALSE;FALSE;TRUE;FALSE;TRUE;"Not significant";"High.High";"Not significant";"Not significant";"Low.High";"Not significant";"Low.High"
"67";"vancouver";0,59572808198871;"central";"central";67;210;408238,22923566;1;152,638902;505,2954292;0,011402508551881;0,020429918072146;0,038461538461538;1,10185097742941;0,496246933838903;0,356230646239993;1,66033097146214;2,01656161770213;0,08695652173913;0,50877156024958;0,59572808198871;FALSE;TRUE;TRUE;FALSE;TRUE;FALSE;TRUE;"Not significant";"High.High";"High.High";"Not significant";"High.High";"Not significant";"High.High"
"68";"vancouver";0,837312923144133;"central";"central";68;570;482473,470560663;0;0;0;0,030949666069392;0,02414495451343;0;0;0;1,60222294218873;2,10851697924764;3,71073992143637;0,236024844720497;0,601288078423637;0,837312923144133;FALSE;TRUE;TRUE;FALSE;TRUE;FALSE;TRUE;"Not significant";"High.High";"High.High";"Not significant";"Low.High";"Not significant";"Low.High"
"69";"vancouver";0,589027904809605;"central";"central";69;176;414158,734820157;0;0;0;0,009556388119672;0,02072620449359;0;0;0;0,238553596067058;1,69607528527625;1,93462888134331;0,07287784679089;0,516150058018715;0,589027904809605;FALSE;TRUE;TRUE;FALSE;FALSE;FALSE;FALSE;"Not significant";"High.High";"High.High";"Not significant";"Not significant";"Not significant";"Not significant"
"70";"vancouver";0,711086316909824;"central";"central";70;251;487179,137383542;0;0;0;0,013628712602487;0,02438044541257;0;0;0;0,49813532438971;2,13692685560383;2,63506217999354;0,103933747412008;0,607152569497815;0,711086316909824;FALSE;TRUE;FALSE;TRUE;TRUE;TRUE;TRUE;"Not significant";"High.High";"Not significant";"Low.Low";"Low.Low";"Low.Low";"Low.Low"
"71";"vancouver";0,212354682928192;"pericentral";"pericentral";71;53;152783,764493523;0;0;0;0,002877775967856;0,007645927225387;0;0;0;-0,187160438382092;0,118056511512339;-0,069103926869753;0,021946169772257;0,190408513155935;0,212354682928192;FALSE;FALSE;FALSE;TRUE;TRUE;TRUE;TRUE;"Not significant";"Not significant";"Not significant";"Low.Low";"Low.Low";"Low.Low";"Low.Low"
"72";"vancouver";0,520224649227586;"central";"central";72;215;345993,00192538;0;0;0;0,011673996850736;0,017314911188268;0;0;0;0,373536094794837;1,28453317739611;1,65806927219094;0,089026915113872;0,431197734113714;0,520224649227586;FALSE;FALSE;FALSE;TRUE;FALSE;TRUE;TRUE;"Not significant";"Not significant";"Not significant";"Low.Low";"Not significant";"Low.Low";"Low.Low"
"73";"vancouver";0,050428233878008;"pericentral";"pericentral";73;66;18534,667554051;0;0;0;0,003583645544877;0,000927550906569;0;0;0;-0,142166272139499;-0,692455662115446;-0,834621934254946;0,027329192546584;0,023099041331424;0,050428233878008;FALSE;FALSE;FALSE;TRUE;FALSE;FALSE;FALSE;"Not significant";"Not significant";"Not significant";"Low.Low";"Not significant";"Not significant";"Not significant"
"74";"vancouver";0;"suburban";"suburban";74;0;0;0;0;0;0;0;0;0;0;-0,370598193063433;-0,804356405056573;-1,17495459812001;0;0;0;TRUE;FALSE;FALSE;TRUE;TRUE;FALSE;TRUE;"Low.Low";"Not significant";"Not significant";"Low.Low";"Low.Low";"Not significant";"Low.Low"
"75";"vancouver";0,029718194552496;"pericentral";"pericentral";75;0;23845,8751787152;0;0;0;0;0,00119334555505;0;0;0;-0,370598193063433;-0,660389908716778;-1,03098810178021;0;0,029718194552496;0,029718194552496;TRUE;TRUE;TRUE;FALSE;FALSE;FALSE;FALSE;"Low.Low";"Low.Low";"Low.Low";"Not significant";"Not significant";"Not significant";"Not significant"
"76";"vancouver";0,01918047749657;"suburban";"suburban";76;0;15390,4124775628;0;0;0;0;0,000770199465645;0;0;0;-0,370598193063433;-0,711438709857165;-1,0820369029206;0;0,01918047749657;0,01918047749657;TRUE;TRUE;TRUE;FALSE;FALSE;FALSE;FALSE;"Low.Low";"Low.Low";"Low.Low";"Not significant";"Not significant";"Not significant";"Not significant"
"77";"vancouver";0,08064988732194;"pericentral";"pericentral";77;11;61058,6349949454;0;0;0;0,00059727425748;0,003055624929785;0;0;0;-0,332526206242778;-0,43572251405311;-0,768248720295887;0,004554865424431;0,076095021897509;0,08064988732194;TRUE;TRUE;TRUE;TRUE;FALSE;TRUE;FALSE;"Low.Low";"Low.Low";"Low.Low";"Low.Low";"Not significant";"Low.Low";"Not significant"
"78";"vancouver";0,047590287700608;"pericentral";"pericentral";78;9;35196,1301958421;0;0;0;0,000488678937938;0,001761358944026;0;0;0;-0,339448385664715;-0,591864160127877;-0,931312545792592;0,003726708074534;0,043863579626074;0,047590287700608;FALSE;FALSE;FALSE;FALSE;FALSE;TRUE;TRUE;"Not significant";"Not significant";"Not significant";"Not significant";"Not significant";"Low.Low";"Low.Low"
"79";"vancouver";0,084662623337963;"pericentral";"pericentral";79;25;59626,8604192934;0;0;0;0,001357441494272;0,002983973048154;0;0;0;-0,284070950289216;-0,444366674422992;-0,728437624712208;0,010351966873706;0,074310656464257;0,084662623337963;FALSE;FALSE;FALSE;FALSE;TRUE;TRUE;FALSE;"Not significant";"Not significant";"Not significant";"Not significant";"Low.Low";"Low.Low";"Not significant"
"80";"vancouver";0,262386197024775;"pericentral";"pericentral";80;42;196583,867834819;0;0;0;0,002280501710376;0,009837864331546;0;0;0;-0,225232425202748;0,382494170860479;0,157261745657731;0,017391304347826;0,244994892676948;0,262386197024775;FALSE;TRUE;FALSE;FALSE;FALSE;FALSE;FALSE;"Not significant";"High.High";"Not significant";"Not significant";"Not significant";"Not significant";"Not significant"
"81";"vancouver";0,724969547966968;"central";"central";81;385;453796,64610947;0;0;0;0,020904599011783;0,022709848410789;0;0;0;0,961921345659516;1,93538422939266;2,89730557505218;0,159420289855072;0,565549258111895;0,724969547966968;FALSE;TRUE;TRUE;FALSE;FALSE;FALSE;FALSE;"Not significant";"High.High";"High.High";"Not significant";"Not significant";"Not significant";"Not significant"
"82";"vancouver";0,761675406939257;"central";"central";82;372;487568,758973481;0;0;0;0,020198729434761;0,024399943677533;0;0;0;0,916927179416923;2,13927914734323;3,05620632676016;0,154037267080745;0,607638139858511;0,761675406939257;FALSE;TRUE;TRUE;FALSE;TRUE;FALSE;TRUE;"Not significant";"High.High";"High.High";"Not significant";"Low.Low";"Not significant";"Low.Low"
"83";"vancouver";0,801055311299581;"central";"central";83;264;555050,909252083;0;0;0;0,014334582179508;0,02777702770052;0;0;0;0,543129490632303;2,54669421046315;3,08982370109545;0,109316770186335;0,691738541113245;0,801055311299581;FALSE;TRUE;TRUE;TRUE;FALSE;TRUE;TRUE;"Not significant";"High.High";"High.High";"Low.Low";"Not significant";"Low.Low";"Low.Low"
"84";"vancouver";0,438616289938518;"central";"central";84;54;334003,789841749;0;0;0;0,002932073627627;0,016714921762788;0;0;0;-0,183699348671124;1,21214980523555;1,02845045656442;0,022360248447205;0,416256041491313;0,438616289938518;FALSE;TRUE;FALSE;TRUE;FALSE;TRUE;TRUE;"Not significant";"High.High";"Not significant";"Low.Low";"Not significant";"Low.Low";"Low.Low"
"85";"vancouver";0,222854989732477;"pericentral";"pericentral";85;18;172838,192707015;0;0;0;0,000977357875876;0,008649533198675;0;0;0;-0,308298578265997;0,239132619826932;-0,069165958439064;0,007453416149068;0,215401573583409;0,222854989732477;FALSE;FALSE;FALSE;TRUE;FALSE;TRUE;FALSE;"Not significant";"Not significant";"Not significant";"Low.Low";"Not significant";"Low.Low";"Not significant"
"86";"vancouver";0,367918523897316;"central";"central";86;92;264650,158689051;0;0;0;0,004995384698919;0,013244181148641;0;0;0;-0,052177939654313;0,793435909827392;0,741257970173079;0,038095238095238;0,329823285802077;0,367918523897316;FALSE;FALSE;FALSE;TRUE;FALSE;TRUE;TRUE;"Not significant";"Not significant";"Not significant";"Low.Low";"Not significant";"Low.Low";"Low.Low"
"87";"vancouver";0,047906307392581;"pericentral";"pericentral";87;13;34120,6776678403;0;0;0;0,000705869577021;0,001707538881464;0;0;0;-0,32560402682084;-0,598357070590413;-0,923961097411253;0,005383022774327;0,042523284618254;0,047906307392581;FALSE;FALSE;FALSE;TRUE;FALSE;FALSE;TRUE;"Not significant";"Not significant";"Not significant";"Low.Low";"Not significant";"Not significant";"Low.Low"
"88";"vancouver";0,00604945762163;"suburban";"suburban";88;0;4854,08395484792;0;0;0;0;0,000242918302136;0;0;0;-0,370598193063433;-0,775050478782899;-1,14564867184633;0;0,00604945762163;0,00604945762163;TRUE;TRUE;TRUE;TRUE;FALSE;FALSE;FALSE;"Low.Low";"Low.Low";"Low.Low";"Low.Low";"Not significant";"Not significant";"Not significant"
"89";"vancouver";0,024768162951755;"pericentral";"pericentral";89;0;19873,970510232;0;0;0;0;0,000994575128479;0;0;0;-0,370598193063433;-0,684369787611204;-1,05496798067464;0;0,024768162951755;0,024768162951755;TRUE;TRUE;TRUE;TRUE;TRUE;FALSE;FALSE;"Low.Low";"Low.Low";"Low.Low";"Low.Low";"Low.Low";"Not significant";"Not significant"
"90";"vancouver";0,024556234570568;"pericentral";"pericentral";90;0;19703,9192066206;0;0;0;0;0,00098606506266;0;0;0;-0,370598193063433;-0,68539645114087;-1,0559946442043;0;0,024556234570568;0,024556234570568;TRUE;TRUE;TRUE;TRUE;FALSE;FALSE;FALSE;"Low.Low";"Low.Low";"Low.Low";"Low.Low";"Not significant";"Not significant";"Not significant"
"91";"vancouver";0,005343702906911;"suburban";"suburban";91;0;4287,78646984223;0;0;0;0;0,000214578449583;0;0;0;-0,370598193063433;-0,778469429196389;-1,14906762225982;0;0,005343702906911;0,005343702906911;FALSE;FALSE;FALSE;FALSE;FALSE;FALSE;FALSE;"Not significant";"Not significant";"Not significant";"Not significant";"Not significant";"Not significant";"Not significant"
"92";"vancouver";0,050966296256095;"pericentral";"pericentral";92;8;38237,2956628001;0;0;0;0,000434381278167;0,001913551357388;0;0;0;-0,342909475375684;-0,573503503042063;-0,916412978417746;0,003312629399586;0,047653666856509;0,050966296256095;FALSE;FALSE;FALSE;TRUE;FALSE;TRUE;FALSE;"Not significant";"Not significant";"Not significant";"Low.Low";"Not significant";"Low.Low";"Not significant"
"93";"vancouver";0,165391803313339;"pericentral";"pericentral";93;23;125068,456554328;0;0;0;0,00124884617473;0,006258939359008;0;0;0;-0,290993129711153;-0,049271202361878;-0,340264332073031;0,00952380952381;0,15586799378953;0,165391803313339;FALSE;FALSE;FALSE;FALSE;FALSE;TRUE;TRUE;"Not significant";"Not significant";"Not significant";"Not significant";"Not significant";"Low.Low";"Low.Low"
"94";"vancouver";0,787871725587519;"central";"central";94;415;494301,644553207;0;0;0;0,022533528804909;0,024736884931272;0;0;0;1,06575403698858;2,17992810402465;3,24568214101322;0,17184265010352;0,616029075483999;0,787871725587519;FALSE;FALSE;FALSE;FALSE;FALSE;FALSE;FALSE;"Not significant";"Not significant";"Not significant";"Not significant";"Not significant";"Not significant";"Not significant"
"95";"vancouver";0,492153450643179;"central";"central";95;115;356694,343205582;0;0;0;0,006244230873649;0,01785045026805;0;0;0;0,027427123697967;1,34914119025789;1,37656831395586;0,047619047619048;0,444534403024132;0,492153450643179;FALSE;TRUE;TRUE;TRUE;FALSE;FALSE;FALSE;"Not significant";"High.High";"High.High";"Low.Low";"Not significant";"Not significant";"Not significant"
"96";"vancouver";0,623440999302063;"central";"central";96;383;372994,666113555;0;0;0;0,020796003692241;0,01866618538963;0;0;0;0,954999166237578;1,44755235615894;2,40255152239652;0,158592132505176;0,464848866796887;0,623440999302063;FALSE;TRUE;FALSE;TRUE;FALSE;FALSE;TRUE;"Not significant";"High.High";"Not significant";"Low.Low";"Not significant";"Not significant";"Low.Low"
"97";"vancouver";0,429483481633381;"central";"central";97;140;298101,552001179;0;0;0;0,007601672367921;0,014918226291463;0;0;0;0,113954366472185;0,995394523496991;1,10934888996918;0,057971014492754;0,371512467140628;0,429483481633381;FALSE;TRUE;FALSE;TRUE;FALSE;FALSE;FALSE;"Not significant";"High.High";"Not significant";"Low.Low";"Not significant";"Not significant";"Not significant"
"98";"vancouver";0,421122027192923;"central";"central";98;85;309666,439037884;0;0;0;0,004615301080523;0,015496980748427;0;0;0;-0,076405567631094;1,06521608612624;0,988810518495144;0,0351966873706;0,385925339822323;0,421122027192923;FALSE;FALSE;FALSE;FALSE;FALSE;FALSE;FALSE;"Not significant";"Not significant";"Not significant";"Not significant";"Not significant";"Not significant";"Not significant"
"99";"vancouver";0,17109136419551;"pericentral";"pericentral";99;7;134957,890153745;0;0;0;0,000380083618396;0,006753847243049;0;0;0;-0,346370565086652;0,010435019172148;-0,335935545914504;0,002898550724638;0,168192813470872;0,17109136419551;FALSE;FALSE;FALSE;TRUE;FALSE;FALSE;TRUE;"Not significant";"Not significant";"Not significant";"Low.Low";"Not significant";"Not significant";"Low.Low"
"100";"vancouver";0,161311068455276;"pericentral";"pericentral";100;19;123123,102156276;0;0;0;0,001031655535646;0,00616158583323;0;0;0;-0,304837488555028;-0,061016036834413;-0,365853525389441;0,007867494824017;0,15344357363126;0,161311068455276;FALSE;FALSE;FALSE;TRUE;FALSE;TRUE;FALSE;"Not significant";"Not significant";"Not significant";"Low.Low";"Not significant";"Low.Low";"Not significant"
"101";"vancouver";0,002617313504511;"suburban";"suburban";101;0;2100,13199226793;0;0;0;0;0,000105099232434;0;0;0;-0,370598193063433;-0,791677120169273;-1,16227531323271;0;0,002617313504511;0,002617313504511;FALSE;FALSE;FALSE;TRUE;FALSE;TRUE;TRUE;"Not significant";"Not significant";"Not significant";"Low.Low";"Not significant";"Low.Low";"Low.Low"
"102";"vancouver";0;"suburban";"suburban";102;0;0;0;0;0;0;0;0;0;0;-0,370598193063433;-0,804356405056573;-1,17495459812001;0;0;0;TRUE;FALSE;FALSE;TRUE;FALSE;FALSE;TRUE;"Low.Low";"Not significant";"Not significant";"Low.Low";"Not significant";"Not significant";"Low.Low"
"103";"vancouver";0,019436259685059;"suburban";"suburban";103;0;15595,6520700575;0;0;0;0;0,000780470497997;0;0;0;-0,370598193063433;-0,710199601423517;-1,08079779448695;0;0,019436259685059;0,019436259685059;TRUE;TRUE;TRUE;FALSE;TRUE;FALSE;FALSE;"Low.Low";"Low.Low";"Low.Low";"Not significant";"Low.Low";"Not significant";"Not significant"
"104";"vancouver";0,019648182844131;"suburban";"suburban";104;0;15765,6991834446;0;0;0;0;0,00078898035412;0;0;0;-0,370598193063433;-0,709172963191808;-1,07977115625524;0;0,019648182844131;0,019648182844131;TRUE;TRUE;TRUE;TRUE;FALSE;FALSE;TRUE;"Low.Low";"Low.Low";"Low.Low";"Low.Low";"Not significant";"Not significant";"Low.Low"
"105";"vancouver";0,022198537689257;"suburban";"suburban";105;0;17812,1035567272;0;0;0;0;0,000891390835782;0;0;0;-0,370598193063433;-0,696818052100983;-1,06741624516442;0;0,022198537689257;0,022198537689257;TRUE;TRUE;TRUE;TRUE;TRUE;TRUE;TRUE;"Low.Low";"Low.Low";"Low.Low";"Low.Low";"Low.Low";"Low.Low";"Low.Low"
"106";"vancouver";0,016845843496149;"suburban";"suburban";106;0;13517,1024800898;0;0;0;0;0,000676451337637;0;0;0;-0,370598193063433;-0,722748585249587;-1,09334677831302;0;0,016845843496149;0,016845843496149;TRUE;TRUE;TRUE;TRUE;FALSE;TRUE;FALSE;"Low.Low";"Low.Low";"Low.Low";"Low.Low";"Not significant";"Low.Low";"Not significant"
"107";"vancouver";0,053138910850085;"pericentral";"pericentral";107;0;42638,6546809116;0;0;0;0;0,002133813443852;0;0;0;-0,370598193063433;-0,546930847091207;-0,91752904015464;0;0,053138910850085;0,053138910850085;FALSE;FALSE;FALSE;FALSE;FALSE;TRUE;FALSE;"Not significant";"Not significant";"Not significant";"Not significant";"Not significant";"Low.Low";"Not significant"
"108";"vancouver";0,180613754670647;"pericentral";"pericentral";108;7;142598,654947582;0;0;0;0,000380083618396;0,007136222502316;0;0;0;-0,346370565086652;0,056565183340207;-0,289805381746446;0,002898550724638;0,177715203946009;0,180613754670647;FALSE;FALSE;FALSE;FALSE;FALSE;FALSE;FALSE;"Not significant";"Not significant";"Not significant";"Not significant";"Not significant";"Not significant";"Not significant"
"109";"vancouver";0,496129376656842;"central";"central";109;113;360549,139028834;0;0;0;0,006135635554108;0,018043360086911;0;0;0;0,02050494427603;1,37241403910994;1,39291898338596;0,046790890269151;0,449338486387691;0,496129376656842;FALSE;FALSE;FALSE;FALSE;FALSE;FALSE;TRUE;"Not significant";"Not significant";"Not significant";"Not significant";"Not significant";"Not significant";"Low.Low"
"110";"vancouver";0,213510004256483;"pericentral";"pericentral";110;77;145736,634057253;0;0;0;0,004180919802357;0,007293259868079;0;0;0;-0,104094285318843;0,075510340715265;-0,028583944603578;0,031884057971014;0,181625946285468;0,213510004256483;FALSE;FALSE;FALSE;TRUE;FALSE;FALSE;FALSE;"Not significant";"Not significant";"Not significant";"Low.Low";"Not significant";"Not significant";"Not significant"
"111";"vancouver";0,266805529999912;"pericentral";"pericentral";111;54;196142,859945112;0;0;0;0,002932073627627;0,009815794485043;0;0;0;-0,183699348671124;0,379831640747264;0,19613229207614;0,022360248447205;0,244445281552707;0,266805529999912;FALSE;FALSE;FALSE;TRUE;TRUE;FALSE;TRUE;"Not significant";"Not significant";"Not significant";"Low.Low";"Low.Low";"Not significant";"Low.Low"
"112";"vancouver";0,463291608486541;"central";"central";112;121;331542,065042906;0;0;0;0,006570016832275;0,016591726940856;0;0;0;0,048193661963779;1,19728744889148;1,24548111085526;0,050103519668737;0,413188088817804;0,463291608486541;FALSE;FALSE;FALSE;TRUE;FALSE;FALSE;TRUE;"Not significant";"Not significant";"Not significant";"Low.Low";"Not significant";"Not significant";"Low.Low"
"113";"vancouver";0,733982189935276;"central";"central";113;471;432454,315046475;0;0;0;0,025574197752077;0,021641790488086;0;0;0;1,25957506080282;1,80653256830513;3,06610762910796;0,195031055900621;0,538951134034655;0,733982189935276;FALSE;FALSE;FALSE;FALSE;FALSE;TRUE;FALSE;"Not significant";"Not significant";"Not significant";"Not significant";"Not significant";"Low.Low";"Not significant"
"114";"vancouver";0,142811886996163;"pericentral";"pericentral";114;11;110937,414894325;0;0;0;0,00059727425748;0,005551763982688;0;0;0;-0,332526206242778;-0,134585603371505;-0,467111809614282;0,004554865424431;0,138257021571733;0,142811886996163;FALSE;FALSE;FALSE;TRUE;FALSE;TRUE;TRUE;"Not significant";"Not significant";"Not significant";"Low.Low";"Not significant";"Low.Low";"Low.Low"
"115";"vancouver";0,067876329881567;"pericentral";"pericentral";115;6;52470,4176361982;0;0;0;0,000325785958625;0,002625835251945;0;0;0;-0,349831654797621;-0,48757280487603;-0,837404459673651;0,002484472049689;0,065391857831877;0,067876329881567;FALSE;FALSE;FALSE;TRUE;FALSE;TRUE;TRUE;"Not significant";"Not significant";"Not significant";"Low.Low";"Not significant";"Low.Low";"Low.Low"
"116";"vancouver";0;"suburban";"suburban";116;0;0;0;0;0;0;0;0;0;0;-0,370598193063433;-0,804356405056573;-1,17495459812001;0;0;0;TRUE;TRUE;TRUE;TRUE;FALSE;FALSE;FALSE;"Low.Low";"Low.Low";"Low.Low";"Low.Low";"Not significant";"Not significant";"Not significant"
"117";"vancouver";0,0030529887498;"suburban";"suburban";117;0;2449,71774853805;0;0;0;0;0,000122593939809;0;0;0;-0,370598193063433;-0,789566539780702;-1,16016473284414;0;0,0030529887498;0,0030529887498;TRUE;TRUE;TRUE;TRUE;FALSE;FALSE;TRUE;"Low.Low";"Low.Low";"Low.Low";"Low.Low";"Not significant";"Not significant";"Low.Low"
"118";"vancouver";0,015902146909327;"suburban";"suburban";118;0;12759,8804699781;0;0;0;0;0,000638556837512;0;0;0;-0,370598193063433;-0,727320218663338;-1,09791841172677;0;0,015902146909327;0,015902146909327;TRUE;TRUE;TRUE;TRUE;TRUE;FALSE;TRUE;"Low.Low";"Low.Low";"Low.Low";"Low.Low";"Low.Low";"Not significant";"Low.Low"
"119";"vancouver";0,031378686657667;"pericentral";"pericentral";119;0;25178,253813131;0;0;0;0;0,001260023255453;0;0;0;-0,370598193063433;-0,652345838941303;-1,02294403200474;0;0,031378686657667;0,031378686657667;TRUE;TRUE;TRUE;FALSE;FALSE;FALSE;TRUE;"Low.Low";"Low.Low";"Low.Low";"Not significant";"Not significant";"Not significant";"Low.Low"
"120";"vancouver";0,038804532432031;"pericentral";"pericentral";120;0;31136,7514304438;0;0;0;0;0,001558210954294;0;0;0;-0,370598193063433;-0,616372152969013;-0,986970346032446;0;0,038804532432031;0,038804532432031;TRUE;TRUE;TRUE;TRUE;FALSE;TRUE;FALSE;"Low.Low";"Low.Low";"Low.Low";"Low.Low";"Not significant";"Low.Low";"Not significant"
"121";"vancouver";0,049717482853562;"pericentral";"pericentral";121;3;38896,5313183177;0;0;0;0,000162892979313;0,001946542217792;0;0;0;-0,360214923930527;-0,56952345001923;-0,929738373949758;0,001242236024845;0,048475246828717;0,049717482853562;TRUE;FALSE;FALSE;TRUE;FALSE;FALSE;TRUE;"Low.Low";"Not significant";"Not significant";"Low.Low";"Not significant";"Not significant";"Low.Low"
"122";"vancouver";0,108438013351434;"pericentral";"pericentral";122;8;84352,5934727337;0;0;0;0,000434381278167;0,004221350305794;0;0;0;-0,342909475375684;-0,2950881459371;-0,637997621312783;0,003312629399586;0,105125383951848;0,108438013351434;FALSE;FALSE;FALSE;FALSE;FALSE;TRUE;TRUE;"Not significant";"Not significant";"Not significant";"Not significant";"Not significant";"Low.Low";"Low.Low"
"123";"vancouver";0,122641591105821;"pericentral";"pericentral";123;77;72823,8319739701;0;0;0;0,004180919802357;0,003644403719156;0;0;0;-0,104094285318843;-0,364691605138111;-0,468785890456955;0,031884057971014;0,090757533134806;0,122641591105821;FALSE;FALSE;FALSE;TRUE;FALSE;FALSE;FALSE;"Not significant";"Not significant";"Not significant";"Low.Low";"Not significant";"Not significant";"Not significant"
"124";"vancouver";0,378031058082666;"central";"central";124;107;267780,604645492;0;0;0;0,005809849595482;0,013400841524469;0;0;0;-0,000261593989783;0,812335586729679;0,812073992739896;0,044306418219462;0,333724639863204;0,378031058082666;FALSE;FALSE;FALSE;TRUE;FALSE;TRUE;TRUE;"Not significant";"Not significant";"Not significant";"Low.Low";"Not significant";"Low.Low";"Low.Low"
"125";"vancouver";0,317322276531731;"central";"central";125;59;235016,206985322;0;0;0;0,003203561926481;0,011761176466315;0;0;0;-0,16639390011628;0,614524623598038;0,448130723481758;0,024430641821946;0,292891634709785;0,317322276531731;FALSE;FALSE;FALSE;FALSE;FALSE;TRUE;FALSE;"Not significant";"Not significant";"Not significant";"Not significant";"Not significant";"Low.Low";"Not significant"
"126";"vancouver";0,239965711387472;"pericentral";"pericentral";126;51;175603,363234354;0;0;0;0,002769180648314;0,008787913691444;0;0;0;-0,19408261780403;0,255826991898393;0,061744374094364;0,02111801242236;0,218847698965112;0,239965711387472;FALSE;FALSE;FALSE;FALSE;FALSE;TRUE;TRUE;"Not significant";"Not significant";"Not significant";"Not significant";"Not significant";"Low.Low";"Low.Low"
"127";"vancouver";0,185734518587234;"pericentral";"pericentral";127;31;138733,395093048;0;0;0;0,001683227452897;0,006942789020343;0;0;0;-0,263304412023404;0,033229159204812;-0,230075252818591;0,012836438923395;0,172898079663839;0,185734518587234;FALSE;FALSE;FALSE;TRUE;FALSE;TRUE;TRUE;"Not significant";"Not significant";"Not significant";"Low.Low";"Not significant";"Low.Low";"Low.Low"
"128";"vancouver";0,080652325595385;"pericentral";"pericentral";128;0;64715,4148487512;0;0;0;0;0,003238625216066;0;0;0;-0,370598193063433;-0,413645161911793;-0,784243354975226;0;0,080652325595385;0,080652325595385;FALSE;FALSE;FALSE;TRUE;TRUE;TRUE;TRUE;"Not significant";"Not significant";"Not significant";"Low.Low";"Low.Low";"Low.Low";"Low.Low"
"129";"vancouver";0,03039415177304;"pericentral";"pericentral";129;0;24388,2631585364;0;0;0;0;0,001220488877741;0;0;0;-0,370598193063433;-0,657115308957849;-1,02771350202128;0;0,03039415177304;0,03039415177304;FALSE;FALSE;FALSE;TRUE;TRUE;TRUE;TRUE;"Not significant";"Not significant";"Not significant";"Low.Low";"Low.Low";"Low.Low";"Low.Low"
"130";"vancouver";0;"suburban";"suburban";130;0;0;0;0;0;0;0;0;0;0;-0,370598193063433;-0,804356405056573;-1,17495459812001;0;0;0;TRUE;TRUE;TRUE;TRUE;FALSE;FALSE;FALSE;"Low.Low";"Low.Low";"Low.Low";"Low.Low";"Not significant";"Not significant";"Not significant"
"131";"vancouver";0;"suburban";"suburban";131;0;0;0;0;0;0;0;0;0;0;-0,370598193063433;-0,804356405056573;-1,17495459812001;0;0;0;TRUE;TRUE;TRUE;TRUE;FALSE;FALSE;TRUE;"Low.Low";"Low.Low";"Low.Low";"Low.Low";"Not significant";"Not significant";"Low.Low"
"132";"vancouver";0,00637472299038;"suburban";"suburban";132;0;5115,07684152802;0;0;0;0;0,000255979458369;0;0;0;-0,370598193063433;-0,773474766791482;-1,14407295985492;0;0,00637472299038;0,00637472299038;TRUE;TRUE;TRUE;TRUE;TRUE;FALSE;TRUE;"Low.Low";"Low.Low";"Low.Low";"Low.Low";"Low.Low";"Not significant";"Low.Low"
"133";"vancouver";0,000900515482704;"suburban";"suburban";133;0;722,573498168941;0;0;0;0;3,6160546249e-05;0;0;0;-0,370598193063433;-0,79999395771087;-1,1705921507743;0;0,000900515482704;0,000900515482704;TRUE;TRUE;TRUE;TRUE;TRUE;FALSE;TRUE;"Low.Low";"Low.Low";"Low.Low";"Low.Low";"Low.Low";"Not significant";"Low.Low"
"134";"vancouver";0,024523332249695;"pericentral";"pericentral";134;0;19677,5183889249;0;0;0;0;0,000984743857285;0;0;0;-0,370598193063433;-0,685555842783897;-1,05615403584733;0;0,024523332249695;0,024523332249695;TRUE;TRUE;TRUE;FALSE;FALSE;FALSE;FALSE;"Low.Low";"Low.Low";"Low.Low";"Not significant";"Not significant";"Not significant";"Not significant"
"135";"vancouver";0,041734047722614;"pericentral";"pericentral";135;13;29168,0573664736;0;0;0;0,000705869577021;0,001459689415752;0;0;0;-0,32560402682084;-0,628257897762633;-0,953861924583474;0,005383022774327;0,036351024948287;0,041734047722614;TRUE;FALSE;FALSE;TRUE;FALSE;FALSE;FALSE;"Low.Low";"Not significant";"Not significant";"Low.Low";"Not significant";"Not significant";"Not significant"
"136";"vancouver";0,059837718391108;"pericentral";"pericentral";136;0;48013,7769208338;0;0;0;0;0,002402806642248;0;0;0;-0,370598193063433;-0,514479217177013;-0,885077410240446;0;0,059837718391108;0,059837718391108;FALSE;FALSE;FALSE;TRUE;FALSE;TRUE;TRUE;"Not significant";"Not significant";"Not significant";"Low.Low";"Not significant";"Low.Low";"Low.Low"
"137";"vancouver";0,112842601455344;"pericentral";"pericentral";137;20;83899,7543004034;0;0;0;0,001085953195417;0,004198688373305;0;0;0;-0,301376398844059;-0,297822105943063;-0,599198504787122;0,008281573498965;0,104561027956379;0,112842601455344;FALSE;FALSE;FALSE;TRUE;FALSE;TRUE;TRUE;"Not significant";"Not significant";"Not significant";"Low.Low";"Not significant";"Low.Low";"Low.Low"
"138";"vancouver";0,356646892611424;"central";"central";138;151;236002,659709191;0;0;0;0,0081989466254;0,011810542613058;0;0;0;0,15202635329284;0,62048020884689;0,77250656213973;0,062525879917184;0,29412101269424;0,356646892611424;FALSE;FALSE;FALSE;TRUE;FALSE;TRUE;TRUE;"Not significant";"Not significant";"Not significant";"Low.Low";"Not significant";"Low.Low";"Low.Low"
"139";"vancouver";0,239460230329002;"pericentral";"pericentral";139;115;153933,338344557;0;0;0;0,006244230873649;0,007703456623451;0;0;0;0,027427123697967;0,124996920215178;0,152424043913145;0,047619047619048;0,191841182709954;0,239460230329002;FALSE;FALSE;FALSE;TRUE;FALSE;TRUE;TRUE;"Not significant";"Not significant";"Not significant";"Low.Low";"Not significant";"Low.Low";"Low.Low"
"140";"vancouver";0,136869051018687;"pericentral";"pericentral";140;4;108494,680830539;0;0;0;0,000217190639083;0,005429519535154;0;0;0;-0,356753834219558;-0,149333305521979;-0,506087139741537;0,001656314699793;0,135212736318894;0,136869051018687;FALSE;FALSE;FALSE;FALSE;FALSE;TRUE;FALSE;"Not significant";"Not significant";"Not significant";"Not significant";"Not significant";"Low.Low";"Not significant"
"141";"vancouver";0,121207420508881;"pericentral";"pericentral";141;18;91276,1972888874;0;0;0;0,000977357875876;0,004567835883573;0;0;0;-0,308298578265997;-0,253287751697588;-0,561586329963585;0,007453416149068;0,113754004359813;0,121207420508881;FALSE;FALSE;FALSE;FALSE;TRUE;TRUE;FALSE;"Not significant";"Not significant";"Not significant";"Not significant";"Low.Low";"Low.Low";"Not significant"
"142";"vancouver";0,139878830834331;"pericentral";"pericentral";142;34;100942,02759941;0;0;0;0,001846120432209;0,005051553740455;0;0;0;-0,252921142890498;-0,194931507123139;-0,447852650013637;0,01407867494824;0,125800155886091;0,139878830834331;FALSE;FALSE;FALSE;FALSE;TRUE;FALSE;TRUE;"Not significant";"Not significant";"Not significant";"Not significant";"Low.Low";"Not significant";"Low.Low"
"143";"vancouver";0,036994367742798;"pericentral";"pericentral";143;11;26029,4521518455;0;0;0;0,00059727425748;0,001302620717126;0;0;0;-0,332526206242778;-0,647206835168258;-0,979733041411036;0,004554865424431;0,032439502318367;0,036994367742798;FALSE;FALSE;FALSE;FALSE;TRUE;FALSE;FALSE;"Not significant";"Not significant";"Not significant";"Not significant";"Low.Low";"Not significant";"Not significant"
"144";"vancouver";0;"suburban";"suburban";144;0;0;0;0;0;0;0;0;0;0;-0,370598193063433;-0,804356405056573;-1,17495459812001;0;0;0;TRUE;TRUE;TRUE;FALSE;TRUE;FALSE;FALSE;"Low.Low";"Low.Low";"Low.Low";"Not significant";"Low.Low";"Not significant";"Not significant"
"145";"vancouver";0;"suburban";"suburban";145;0;0;0;0;0;0;0;0;0;0;-0,370598193063433;-0,804356405056573;-1,17495459812001;0;0;0;TRUE;TRUE;TRUE;TRUE;FALSE;FALSE;FALSE;"Low.Low";"Low.Low";"Low.Low";"Low.Low";"Not significant";"Not significant";"Not significant"
"146";"vancouver";0;"suburban";"suburban";146;0;0;0;0;0;0;0;0;0;0;-0,370598193063433;-0,804356405056573;-1,17495459812001;0;0;0;TRUE;TRUE;TRUE;TRUE;FALSE;FALSE;TRUE;"Low.Low";"Low.Low";"Low.Low";"Low.Low";"Not significant";"Not significant";"Low.Low"
"147";"vancouver";0,009684108402151;"suburban";"suburban";147;1;7438,27056476695;0;0;0;5,4297659771e-05;0,000372241616179;0;0;0;-0,367137103352465;-0,759448774533003;-1,12658587788547;0,000414078674948;0,009270029727202;0,009684108402151;TRUE;TRUE;TRUE;TRUE;FALSE;FALSE;FALSE;"Low.Low";"Low.Low";"Low.Low";"Low.Low";"Not significant";"Not significant";"Not significant"
"148";"vancouver";0,002056390363957;"suburban";"suburban";148;0;1650,04734224397;0;0;0;0;8,2575147556e-05;0;0;0;-0,370598193063433;-0,794394450090471;-1,1649926431539;0;0,002056390363957;0,002056390363957;FALSE;TRUE;TRUE;TRUE;FALSE;FALSE;TRUE;"Not significant";"Low.Low";"Low.Low";"Low.Low";"Not significant";"Not significant";"Low.Low"
"149";"vancouver";0,055067862613027;"pericentral";"pericentral";149;13;39867,1085814192;0;0;0;0,000705869577021;0,001995113891261;0;0;0;-0,32560402682084;-0,563663710884115;-0,889267737704955;0,005383022774327;0,049684839838699;0,055067862613027;TRUE;FALSE;FALSE;TRUE;TRUE;TRUE;TRUE;"Low.Low";"Not significant";"Not significant";"Low.Low";"Low.Low";"Low.Low";"Low.Low"
"150";"vancouver";0,111498657028491;"pericentral";"pericentral";150;3;88469,7368899902;0;0;0;0,000162892979313;0,004427389076008;0;0;0;-0,360214923930527;-0,270231406217186;-0,630446330147713;0,001242236024845;0,110256421003647;0,111498657028491;FALSE;FALSE;FALSE;TRUE;FALSE;FALSE;TRUE;"Not significant";"Not significant";"Not significant";"Low.Low";"Not significant";"Not significant";"Low.Low"
"151";"vancouver";0,154837418081978;"pericentral";"pericentral";151;4;122912,496064897;0;0;0;0,000217190639083;0,006151046239227;0;0;0;-0,356753834219558;-0,062287544835546;-0,419041379055104;0,001656314699793;0,153181103382185;0,154837418081978;FALSE;FALSE;FALSE;TRUE;TRUE;TRUE;FALSE;"Not significant";"Not significant";"Not significant";"Low.Low";"Low.Low";"Low.Low";"Not significant"
"152";"vancouver";0,159230698377463;"pericentral";"pericentral";152;52;110489,343344371;0;0;0;0,002823478308085;0,005529340641608;0;0;0;-0,190621528093061;-0,137290779452188;-0,327912307545249;0,021532091097308;0,137698607280155;0,159230698377463;FALSE;FALSE;FALSE;FALSE;FALSE;TRUE;FALSE;"Not significant";"Not significant";"Not significant";"Not significant";"Not significant";"Low.Low";"Not significant"
"153";"vancouver";0,089077135698446;"pericentral";"pericentral";153;14;66823,8879073521;0;0;0;0,000760167236792;0,003344141869725;0;0;0;-0,322142937109871;-0,400915518877153;-0,723058455987024;0,005797101449275;0,083280034249171;0,089077135698446;FALSE;FALSE;FALSE;FALSE;TRUE;TRUE;FALSE;"Not significant";"Not significant";"Not significant";"Not significant";"Low.Low";"Low.Low";"Not significant"
"154";"vancouver";0,10303192602702;"pericentral";"pericentral";154;10;79350,236412497;0;0;0;0,000542976597709;0,003971011808345;0;0;0;-0,335987295953746;-0,325289252585755;-0,661276548539502;0,004140786749482;0,098891139277538;0,10303192602702;FALSE;FALSE;FALSE;TRUE;TRUE;FALSE;TRUE;"Not significant";"Not significant";"Not significant";"Low.Low";"Low.Low";"Not significant";"Low.Low"
"155";"vancouver";0,091627657029539;"pericentral";"pericentral";155;16;68205,9125264914;0;0;0;0,000868762556334;0,003413304059155;0;0;0;-0,315220757687934;-0,392571717662827;-0,707792475350761;0,006625258799172;0,085002398230367;0,091627657029539;FALSE;FALSE;FALSE;FALSE;TRUE;FALSE;FALSE;"Not significant";"Not significant";"Not significant";"Not significant";"Low.Low";"Not significant";"Not significant"
"156";"vancouver";0,007988434326892;"suburban";"suburban";156;2;5745,40525121283;0;0;0;0,000108595319542;0,000287523681438;0;0;0;-0,363676013641496;-0,769669237658847;-1,13334525130034;0,000828157349896;0,007160276976996;0,007988434326892;FALSE;FALSE;FALSE;TRUE;TRUE;FALSE;FALSE;"Not significant";"Not significant";"Not significant";"Low.Low";"Low.Low";"Not significant";"Not significant"
"157";"vancouver";0;"suburban";"suburban";157;0;0;0;0;0;0;0;0;0;0;-0,370598193063433;-0,804356405056573;-1,17495459812001;0;0;0;TRUE;TRUE;TRUE;TRUE;TRUE;FALSE;FALSE;"Low.Low";"Low.Low";"Low.Low";"Low.Low";"Low.Low";"Not significant";"Not significant"
"158";"vancouver";0;"suburban";"suburban";158;0;0;0;0;0;0;0;0;0;0;-0,370598193063433;-0,804356405056573;-1,17495459812001;0;0;0;TRUE;TRUE;TRUE;FALSE;FALSE;FALSE;FALSE;"Low.Low";"Low.Low";"Low.Low";"Not significant";"Not significant";"Not significant";"Not significant"
"159";"vancouver";0;"suburban";"suburban";159;0;0;0;0;0;0;0;0;0;0;-0,370598193063433;-0,804356405056573;-1,17495459812001;0;0;0;TRUE;TRUE;TRUE;TRUE;FALSE;FALSE;FALSE;"Low.Low";"Low.Low";"Low.Low";"Low.Low";"Not significant";"Not significant";"Not significant"
"160";"vancouver";0;"suburban";"suburban";160;0;0;0;0;0;0;0;0;0;0;-0,370598193063433;-0,804356405056573;-1,17495459812001;0;0;0;TRUE;TRUE;TRUE;TRUE;FALSE;FALSE;FALSE;"Low.Low";"Low.Low";"Low.Low";"Low.Low";"Not significant";"Not significant";"Not significant"
"161";"vancouver";0,001017392799179;"suburban";"suburban";161;0;816,35584066452;0;0;0;0;4,0853799934e-05;0;0;0;-0,370598193063433;-0,799427758518496;-1,17002595158193;0;0,001017392799179;0,001017392799179;FALSE;FALSE;FALSE;TRUE;FALSE;TRUE;TRUE;"Not significant";"Not significant";"Not significant";"Low.Low";"Not significant";"Low.Low";"Low.Low"
"162";"vancouver";0,051127199658624;"pericentral";"pericentral";162;2;40359,9445580082;0;0;0;0,000108595319542;0,002019777428146;0;0;0;-0,363676013641496;-0,560688275162509;-0,924364288804005;0,000828157349896;0,050299042308727;0,051127199658624;FALSE;FALSE;FALSE;FALSE;TRUE;TRUE;FALSE;"Not significant";"Not significant";"Not significant";"Not significant";"Low.Low";"Low.Low";"Not significant"
"163";"vancouver";0,099780843931403;"pericentral";"pericentral";163;29;70428,6918374322;0;0;0;0,001574632133355;0,003524541067261;0;0;0;-0,270226591445341;-0,379151964890726;-0,649378556336067;0,012008281573499;0,087772562357904;0,099780843931403;FALSE;FALSE;FALSE;TRUE;TRUE;TRUE;TRUE;"Not significant";"Not significant";"Not significant";"Low.Low";"Low.Low";"Low.Low";"Low.Low"
"164";"vancouver";0,107759656505856;"pericentral";"pericentral";164;12;82479,253349199;0;0;0;0,00065157191725;0,004127600670155;0;0;0;-0,329065116531809;-0,306398203211859;-0,635463319743668;0,004968944099379;0,102790712406478;0,107759656505856;FALSE;FALSE;FALSE;TRUE;TRUE;FALSE;TRUE;"Not significant";"Not significant";"Not significant";"Low.Low";"Low.Low";"Not significant";"Low.Low"
"165";"vancouver";0,062809326250901;"pericentral";"pericentral";165;2;49733,68131208;0;0;0;0,000108595319542;0,002488877723515;0;0;0;-0,363676013641496;-0,504095508993044;-0,867771522634539;0,000828157349896;0,061981168901004;0,062809326250901;FALSE;FALSE;FALSE;TRUE;TRUE;TRUE;FALSE;"Not significant";"Not significant";"Not significant";"Low.Low";"Low.Low";"Low.Low";"Not significant"
"166";"vancouver";0,004559857652967;"suburban";"suburban";166;0;3658,82914701613;0;0;0;0;0,000183102841332;0;0;0;-0,370598193063433;-0,782266680563173;-1,15286487362661;0;0,004559857652967;0,004559857652967;FALSE;FALSE;FALSE;FALSE;FALSE;FALSE;FALSE;"Not significant";"Not significant";"Not significant";"Not significant";"Not significant";"Not significant";"Not significant"
"167";"vancouver";0;"suburban";"suburban";167;0;0;0;0;0;0;0;0;0;0;-0,370598193063433;-0,804356405056573;-1,17495459812001;0;0;0;FALSE;TRUE;FALSE;FALSE;FALSE;FALSE;FALSE;"Not significant";"Low.Low";"Not significant";"Not significant";"Not significant";"Not significant";"Not significant"
"168";"vancouver";0,014499037314539;"suburban";"suburban";168;5;9972,74216997213;0;0;0;0,000271488298854;0,000499076987152;0;0;0;-0,35329274450859;-0,744147218421538;-1,09743996293013;0,002070393374741;0,012428643939798;0,014499037314539;FALSE;FALSE;FALSE;FALSE;TRUE;FALSE;TRUE;"Not significant";"Not significant";"Not significant";"Not significant";"Low.Low";"Not significant";"Low.Low"
"169";"vancouver";0,076604896596183;"pericentral";"pericentral";169;14;56816,1649850764;0;0;0;0,000760167236792;0,002843314302024;0;0;0;-0,322142937109871;-0,461335897439963;-0,783478834549835;0,005797101449275;0,070807795146907;0,076604896596183;FALSE;FALSE;FALSE;TRUE;TRUE;FALSE;TRUE;"Not significant";"Not significant";"Not significant";"Low.Low";"Low.Low";"Not significant";"Low.Low"
"170";"vancouver";0,018792272285816;"suburban";"suburban";170;0;15078,9166704062;0;0;0;0;0,000754610935801;0;0;0;-0,370598193063433;-0,71331932693013;-1,08391751999356;0;0,018792272285816;0,018792272285816;FALSE;FALSE;FALSE;FALSE;TRUE;FALSE;FALSE;"Not significant";"Not significant";"Not significant";"Not significant";"Low.Low";"Not significant";"Not significant"
"171";"vancouver";0,016260434037853;"suburban";"suburban";171;0;13047,3700121132;0;0;0;0;0,000652943995234;0;0;0;-0,370598193063433;-0,725584536420378;-1,09618272948381;0;0,016260434037853;0,016260434037853;FALSE;FALSE;FALSE;TRUE;TRUE;TRUE;FALSE;"Not significant";"Not significant";"Not significant";"Low.Low";"Low.Low";"Low.Low";"Not significant"
"172";"vancouver";0,00499614823034;"suburban";"suburban";172;3;3012,13863197419;0;0;0;0,000162892979313;0,000150739791294;0;0;0;-0,360214923930527;-0,786170993865537;-1,14638591779606;0,001242236024845;0,003753912205495;0,00499614823034;FALSE;FALSE;FALSE;FALSE;TRUE;FALSE;FALSE;"Not significant";"Not significant";"Not significant";"Not significant";"Low.Low";"Not significant";"Not significant"
